,Animal fats,"Aquatic Products, Other",Cereals - Excluding Beer,Eggs,"Fish, Seafood",Fruits - Excluding Wine,Meat,Miscellaneous,Offals,Oilcrops,Pulses,Spices,Starchy Roots,Stimulants,Sugar & Sweeteners,Sugar Crops,Treenuts,Vegetable Oils,Vegetables,Vegetal Products,Obesity,Recover %
0,-0.08563905085725004,-0.10847643645269889,2.240013278892482,-0.7893518661513329,-1.078582634418969,-0.08649592869933764,-1.2367928801591415,-0.541638712235481,0.0770609439068351,-0.4233715609929524,-0.4034954501120506,-0.2765459535475713,-0.8020189318427621,0.561017069041559,-0.9408444463864776,-0.25301345728227514,-0.2777636975636082,-0.7140463650946496,0.19108516482906093,0.471179877301889,-1.4983436267101953,0.0885172626387176
1,-0.3076332437819301,-0.10847643645269889,-1.0363197457776632,0.3359143841338371,-0.936919461424564,0.3705016136718091,-0.848505414471532,-0.48386545344248577,0.24481290994833155,0.06767199281336853,-0.49910053142890237,-0.7422392917289763,-0.6347085268892412,-0.5111602470838448,-0.8190069593953587,-0.25301345728227514,0.23351851007291485,-1.1833906514106223,1.6027972513265822,-1.1283017618855145,0.3659012961990691,0.42607470049330504
2,-0.6950419408501621,-0.10847643645269889,0.32392322571653903,0.17299908740256095,-0.9137875243928197,0.24134875121692548,-1.277470614659748,-0.4037141982056216,-0.6687127777832633,-0.2653117885161685,-0.0981598500948802,-0.2905332092880022,-0.216270496682695,0.10416247363864345,-0.6260002907060196,-0.25301345728227514,-0.015602887741927914,0.40413711933855795,1.567047363322644,0.4370109013048486,0.8162525978007453,0.0947697094032509
3,-0.5948562498874008,-0.10847643645269889,-0.46349523944632837,-1.247210469604287,0.30590367958096987,0.12059400592659607,-0.7503099323064311,-0.4777224740265218,-0.2414793062169053,-0.22609395023245515,0.18948964412894584,-0.7414165119795392,2.299722274687436,-0.8010668174845347,-0.6160742334591394,-0.25301345728227514,-0.7643396508713864,-0.4622580195566181,-1.0654008516119589,1.2436146471206242,-1.2574580467837173,0.0181384908677203
4,-0.765316076597423,-0.10847643645269889,-0.9994205358140928,-0.7363589722331669,2.202882046784205,1.6299010778562513,1.3158345206425663,0.3960432171870311,0.17884303566234974,-0.34006902426333335,-0.5891995609421657,0.5050948084176845,-0.6990476044988693,-0.2413934384294549,0.6979281422161118,-0.25301345728227514,-0.6325729611180811,-0.09313360243959336,-0.17928818236382915,-0.7696646010820818,0.030756141518751966,0.12448979591836698
5,0.008420176989083471,-0.10847643645269889,-0.5837319091502994,1.5968424428495118,-0.7321619360435738,0.1342727573688621,2.0857530954631405,-0.6481170221121911,1.1589668821969359,-0.456420936978073,-0.808106832648465,-0.6484424002931456,-0.41285212161194484,1.2500089182570928,0.165099984251224,-0.25301345728227514,-0.6689460577687332,0.23094817683520724,-0.4889515148612998,-1.226747482599152,1.0152450333921836,2.34240033497146
6,-0.13609227652195008,-0.10847643645269889,-0.7752014447522124,0.32622425496022966,-0.8755001803402777,0.15189607899447938,-0.6306092981955549,-0.30367139057420706,0.6946646241270261,-0.41210987294322815,-0.6557727327491881,-0.703568643505432,-0.593970045459306,-0.08292531310988224,-0.09161510415338575,-0.25301345728227514,-0.04579942081039371,-0.858182806189766,2.9907042508553654,-0.2363098478685114,0.2192752910264301,2.17114343707713
7,0.3360057636263143,-0.0828951674418266,-1.0851858017163527,-0.08409215223471256,0.03127175130409078,-0.45588583974025054,1.8939134860420976,0.12604464571394466,1.448606044538246,-0.25393691767197457,-0.8051035316646895,-0.3719884044822762,-0.45850514366511125,0.4815180095166897,-0.17043967640802346,-0.25301345728227514,1.3734376334074985,0.9644675340958233,-0.26631056537735587,-1.5823687257619226,1.2142374689836217,0.0988234837306826
8,2.2863833157502884,-0.09994934678240812,-0.9622974855660962,0.9624417985148964,-0.5033152900295262,-0.32272478500228435,0.7424775859612879,-0.6473857150388621,-0.5543649956875616,-0.3111508202763529,-0.8201200365835668,-0.3423683335025402,-0.4105478681329206,1.1058506236519965,-0.12308005686408485,-0.25301345728227514,0.818233195853207,-0.09155711011511569,-0.27498744914820933,-1.2648063069168172,0.3240081518640292,1.02893201705183
9,0.12013803381806214,-0.10847643645269889,0.22202424085213976,0.26868911299193515,-0.9453745832361669,-0.26167938030993937,-0.6967177282510864,-0.6269091169856487,-0.25153185848905485,-0.454779786458264,-0.8383066925408738,-0.7126192207492402,-0.11364120696459466,-0.7591973128014369,-0.8088862735750101,-0.25301345728227514,0.5018558834767812,-1.4144593835412307,1.1239346852974696,0.09314488258238432,0.11454243018883097,0.48385437277404
10,-0.774325581180405,-0.10149972672246099,-1.3905211681577847,0.4676395775875639,0.8193529163855795,2.433670874813773,1.451294221126405,3.639682610230714,0.8064992681546903,-0.06724189819438403,-0.8121112339601656,-0.02148423122206674,-0.7706054762107529,-0.2456333882707814,2.216160767650704,-0.25301345728227514,-0.46649202924151933,-0.7669714645592626,0.4729993722801335,0.12133343098515723,1.3922833324075405,1.2575063613231598
11,-0.7404498439483922,-0.10847643645269889,3.1000420886266866,-0.5295352776839819,0.9052601446034705,-0.8766824073641909,-1.6821998499566937,-0.6193035234230265,-0.8176162083144792,-0.41658059332477704,0.2825919746259848,1.8799597697270973,0.00043734222740674585,-0.789936949151053,-1.2135839540066393,0.2617465194516619,-0.1652129833993266,-0.20281242558540866,-0.6889142453986948,1.1975362236221085,-1.6135497736315543,0.199132554811582
12,0.0004918129560592581,-0.10847643645269889,-0.6428946181726172,0.9345826771407749,1.505813089127613,0.07981223999872412,1.4062358075257329,4.181434890152877,-0.14472349059746542,0.03128372439139498,0.17013503778905972,0.538828778144606,-0.22577554228366964,-0.15818442279342512,0.9960342405783008,-0.25301345728227514,-0.22148834048146737,0.03636398135680027,-0.17280869123624362,-0.05108795140311423,0.6277334482930669,0.0794425087108014
13,0.4116856021233642,-0.10847643645269889,-0.9502789841407243,0.8658433233154966,-0.4387053969408616,-0.6536869478053897,0.4627399348571158,0.08830920073016545,1.1690194344690854,-0.4222397330482565,-0.8945351609593362,-0.6936952865121867,0.6901472136481351,-0.46505079255942056,0.7891440669815611,-0.25301345728227514,0.1539094683469596,0.06496605638661228,0.7606324349438139,-0.08986648333957435,0.8162525978007453,0.970645333333333
14,2.287824836483565,-0.10072453675243455,-0.8832990836468896,0.5394070967795945,-0.20315846571761909,-0.46415671270534153,-0.0790419751418739,-0.6481170221121911,0.15748136208403193,-0.4083748407257316,-0.7073293996373333,-0.41230461220469466,-0.16555891816385815,0.23401093752926339,0.5529298549822725,-0.25301345728227514,0.09214383252509768,-0.6476084742773695,0.20570627741696002,-0.9512365517664517,0.5963135900417871,0.257498914459401
15,-0.4968328400245551,-0.10847643645269889,-0.12575468721327748,-0.23701450325570592,-0.28292376582708156,2.222954480503146,0.06432570449662789,1.9338357309833645,-0.8578264174030775,-0.2400154339522149,0.9823611038456637,-0.5883794785842364,-0.7693993435303261,-0.6203389554979986,0.7659832667388402,-0.25301345728227514,-0.5728661798236148,0.37891324214691285,-0.3701232819214952,0.5993049693429442,0.3763745822828288,0.564200477326969
16,-0.7490989683480551,-0.10847643645269889,-0.37490614226360874,-1.2096612190565579,-0.12801955301450563,-0.849070416080733,-1.1180594089664615,-0.43603797084676577,-0.6944724429806466,-0.08789775818508445,0.33298069113155065,2.92159893251448,2.59979728438942,-1.0480438957417952,-1.3855058605702522,-0.25301345728227514,1.9581523191877905,-0.2555123118608105,-0.5323077620150123,1.4453212752355453,-1.1108320416110786,0.0201982144319764
17,-0.4762911695753557,-0.10847643645269889,0.08739291901119026,0.5814985953774519,-0.9224819421047512,0.6004000710514746,1.7260253818305025,-0.4051768123522797,-0.5832660834699916,-0.38522895925670025,-0.2865335617994624,-0.40160847546201217,0.43135074478523233,0.0336733075265928,-0.14708424759183453,-0.25301345728227514,4.055438797761233,-1.113124136376753,-0.8067001254179748,0.0688290466045512,-0.011137002816287905,0.98397661824121
18,-0.5858467453044186,-0.10847643645269889,-0.5312155347271129,-0.6449083781572462,-0.9098790246874561,-0.3119090280479346,-0.8871919311993818,0.06271345316364864,-0.5311184685582157,-0.4084880235202012,-0.44270521295578563,2.478120647567877,-0.2314821700403154,0.7867943980921877,-0.7525737396515324,-0.25301345728227514,-0.24207688575542136,-0.9707894007953256,1.5645119102727192,-0.04289699326540823,0.0621759997700314,0.942974702834502
19,0.4293442311060092,-0.10847643645269889,-0.06342377724215109,-1.0004149922139711,-0.82325390876858,-0.8827265068386806,-0.6212221286954148,1.705521662690034,0.7047171763991756,-0.34872750804025715,-0.4408698623545895,0.5890183428602698,-0.10332607224990056,-0.3622320089072563,1.288820491265692,-0.2506376420050416,-0.7032602998919898,0.3489598879818338,-0.5719171729949472,-0.38825383491251847,-0.28344244099404536,0.23884333189469104
20,0.21347650129775705,-0.10847643645269889,-0.5804603973009861,0.10183720128388105,-0.6359649841115622,0.1502100933515954,1.765053250176539,-0.6472394536241963,-0.2653541178632606,-0.06158275847090447,0.6478267442640099,-0.6904041675144383,-0.3491431133129873,0.532397407612606,-0.015320703353835308,2.416083016952001,-0.45413890207714697,0.9700978638261011,-0.7828668667486826,-0.884406558592703,0.3659012961990691,2.43006628519631
21,0.09995674355218206,-0.028631869539976307,-0.5037003982260465,0.3689213866314377,-0.7200376104269356,-0.5217665240121874,0.3591966106737531,-0.318443793455454,0.7059737454331946,-0.2677452185972647,-0.6439263788687405,4.227350394871176,-0.6260675763429006,0.4232186991984522,-0.28312962044613516,-0.25301345728227514,-0.25923400681704967,-0.3221754158673018,0.033182783219861414,-0.8690185242670557,0.9000388864708243,0.35236032914681703
22,-0.7134213301994458,-0.10847643645269889,1.618563775390302,-0.6963871893920359,-0.5420014605826154,-1.5784023563524356,-1.236280852731861,-0.4473000997760331,-0.16985487127783944,0.5932362989329149,1.488751019721135,-0.4847092301551605,-0.785439107981971,-0.9584749553437758,-1.0837018193121664,-0.25301345728227514,-0.3175682184265858,0.2223900756451849,-1.2909153145524839,1.2888020040434895,-1.4983436267101953,0.0113907094675405
23,-0.6658511460013,-0.08599592732193234,0.515823223403888,-0.03140207485322191,-0.2611478388971983,-0.31213170539699475,-0.17262921046145172,0.9885482079982301,-0.5556215647215803,-0.15773154237282214,1.004218461005363,1.4981899659882776,-0.26865625936988513,-0.1846841093017149,-0.42786840291535017,-0.25301345728227514,-0.6291415369057555,0.2151832535904291,0.15434926730570747,0.4162079239425584,-0.8594731756008407,1.52248201438849
24,-0.66080582343483,-0.10847643645269889,2.2539430319771894,-1.0282741135880926,2.273075510880532,-1.0507206611796263,-1.2238784106044034,0.061689623260988,-0.45446775748307494,-0.015913500902424466,-0.07813784353637719,-0.10376220616577794,-0.4110699255617621,-0.4025115323998567,0.12533087907254695,1.955702812119187,-0.6428672337550582,-1.3523005433189619,-0.8673256250117299,1.0460891775529826,-1.6030764875477945,0.00185842421113764
25,-0.7440536457815851,-0.10847643645269889,-0.25640853938479885,-1.3474427432437892,-0.05311993621172036,0.5069710175958113,-1.4222605927073622,-0.5432475877968049,-0.7924848276341052,0.02698277820155055,1.5621650437689794,1.579645161182552,1.0896471605739513,-0.9462850995499625,-1.3956265463906008,-0.25301345728227514,0.10243810516207467,-0.47689687685534077,0.7812259480493136,1.5854414942565054,-0.9746793225221997,0.0808707421610647
26,2.1166442494069053,-0.06196503825111292,-0.925794300721127,0.897033426593046,-0.1375116237275315,-0.17566230147299225,0.6228338437867761,0.23983602632394535,-1.1543767094314907,-0.21771842344170542,0.15561908303414498,-0.2765459535475713,-0.3314831706339037,1.0777609559532093,1.4432258262171629,-0.25301345728227514,0.18136086204556487,1.109279614758573,-0.16616016990532995,-0.6614000121406093,1.3084970437374612,0.571560617962818
27,-0.35412228743011787,-0.10847643645269889,-1.3630060316567185,-1.27052734292828,-0.46510771127709366,-0.3394573972316612,0.2040523002078028,-0.5583125135073834,1.5101779272051625,-0.06854350033078431,0.5947684268839769,-0.7233153574919227,4.028380435443494,-0.0060762222358418765,-1.3603987745928492,-0.25301345728227514,-0.8062030262617594,-0.28726737153957815,-1.1732139496348681,0.9046666304599194,-1.309824477202517,0.0398343685300207
28,-0.06762004169128574,-0.10847643645269889,1.687644330861064,-1.2750695909784084,-0.27287333801328933,-1.4488359502492976,0.27215194803609116,-0.5545097167260724,6.484934732885196,1.2519601627459351,1.4618881609218102,-0.7488215297244731,0.298046080627623,-1.0241941778843346,-0.9434394940327208,-0.25301345728227514,-0.8062030262617594,-0.8917395713822227,-1.456987489322552,-0.016439170326878787,-1.4669237684589156,0.00818865912188185
29,-0.15447166587123362,0.011678008901398194,-0.16227509054166386,0.9239840983571415,-0.41166496020375387,-0.544129692067799,1.5777649956646553,-0.20582250416277972,-0.8854709361514891,-0.3165270030136585,-0.4495460651966075,-0.6393918230493374,-0.11108492576130226,-0.3532221154944377,0.49246524482480536,-0.25301345728227514,0.010475936271747168,-0.6937771780656489,-0.2188130782420998,-0.4894755707272202,1.0466648916434633,2.55475603492553
30,-0.4845799137916993,0.31167652730162765,-0.49426466931329033,2.226700839133999,1.5604523197025948,-0.43781716341651317,1.5345271240276463,1.366341442080019,4.214942772930414,-0.21392679982697413,-0.7787412230293272,-0.44932970092936464,-0.6181467050087549,-0.12638479898347738,0.1994194893727906,-0.18622665004448744,1.0227460789078164,-0.6138264958957015,1.9757060515693972,-0.2125594964483028,-1.2784046189512372,0.0061587224620913705
31,-0.5033196833243022,-0.10847643645269889,-0.6361966281232337,1.0375402996103547,-0.743408843359008,1.8152004433241566,0.10130546313354305,-0.5346181643315221,-0.12901637767223167,-0.33418351895091464,-0.3117279200522453,-0.46660807566754403,-0.054810735328258774,-1.0400939897893082,1.2668274624637805,-0.17909920421278677,-0.15629128044727983,0.21135462937384,-0.8417175492074904,-0.1092300454642758,0.3449547240315493,2.09951055739827
32,-0.752702770181248,-0.10847643645269889,-0.9545836049950838,-1.2865766193720671,0.8034796216637963,-0.5153088808894432,-0.058276418368837055,-0.39508477474033876,0.6971777621950636,-0.2574455843005319,-0.49442872989858494,-0.7216697979930485,3.2242139732443618,-0.9796747045504076,-0.9137261984832359,-0.25301345728227514,-0.7952224687823174,-0.4088824937135827,-0.9955632059368106,1.0377611322497922,-1.0898854694435587,0.26685393258427
33,-0.24564785225101288,-0.10305010666251387,-0.540530734255947,0.8709912044389757,-0.044265987899569946,1.240279339100731,0.27715843843616605,-0.608041394493759,-0.48588198333354243,-0.2980782075151151,0.49766169507523766,-0.39255789821820397,-0.6782733192270419,0.6156064232486358,0.7146013233432245,-0.25301345728227514,-0.5337479438031022,1.3169261752112247,-0.8739459746420889,-1.112296835315186,0.7219930230469059,1.39148894541186
34,-0.7490989683480551,-0.10847643645269889,-0.05886087913652989,-0.9443939329290527,0.0033538962657790007,-0.23772565976104093,-1.3752678532702975,-0.624276411521664,0.44837709345936083,-0.12032462880062225,-0.6080536171180895,0.27718481782360466,3.2354292069743003,-0.6680383912129201,-1.30609740259521,-0.25301345728227514,2.929245371275952,0.031634504383366784,-0.9229365619067451,1.5877719760697433,-1.0270457529409993,0.0783495702005731
35,0.030763748354879224,-0.10460048660256673,-1.03788662776865,-0.22732437408209832,-0.3729787896506646,-0.7036621071444591,0.18123863372564447,-0.6481170221121911,-0.02849085495073558,-0.2652551971189337,-0.8339685911198647,-0.5546455088573149,-0.6350325625347288,0.2324209563387659,0.18741739400891577,-0.25301345728227514,-0.28394026114579435,-1.06019903691214,1.8122538449509178,-0.8792486539913449,0.868619028219545,1.26305970149254
36,-0.3634921721964193,-0.10847643645269889,-0.32189043182131644,0.1687596558891078,-0.8378509586886115,1.0858048809527228,-0.05247344085965948,-0.5330092887701982,-0.30053805081578416,-0.16044792944009234,0.9952085580540365,-0.6755941320245702,-0.032380267868382814,-0.7220977516898314,0.23523114689094704,-0.25301345728227514,-0.8020853172069686,-0.8964690483556562,0.6445932003589269,0.3726484771098232,0.8267258838845051,0.0592146086339864
37,-0.6968438417667586,-0.0968485869023024,-0.815423822015348,0.3150200431032459,0.34594586023592006,0.1834208294114223,1.1041396254303182,1.5250350769924237,-0.2201176326385873,-0.23158331576423033,-0.544150046185534,-0.49622814664727993,-0.6417473011884478,0.19479140149699445,0.9214266207488089,-0.25301345728227514,0.41607027816863995,0.7705589781850494,0.3670456064938355,-0.6847048302729939,0.3973211544503489,0.155923777961889
38,2.4269315872448094,-0.1038252966325403,-1.0514720111850087,0.07821751142321286,-0.6793573073711098,-0.7078611657267362,0.7884462705437917,-0.4873757273944653,-0.3734190547888687,-0.4092803030814884,-0.706161449254754,-0.48882312890234597,-0.34856704994323134,-0.3601120339865931,0.6545908465238502,-0.25301345728227514,-0.47884515640589165,0.3014399050582878,-0.43863685767057164,-0.963111727476556,1.0152450333921836,2.26884098544233
39,3.6774508233627317,-0.10072453675243455,-0.8743110353029868,1.0599487233243219,-0.1655092440659529,-0.7989680125422007,0.17321687069825212,-0.6481170221121911,0.8875479708488966,-0.3959247333340766,-0.8346359913384813,-0.11199000366014907,-0.4003767492606655,1.0862408556358618,0.047803830641030685,-0.25301345728227514,-0.025210875536439744,-1.7117407932999082,-0.2374345723087689,-1.8907120327281877,0.26116843536146994,0.700205867215646
40,-0.5880090264043343,-0.10847643645269889,1.4583802241578736,-1.0388726923717257,-0.7654240661892197,-0.7468933239119928,-0.9291212883000072,1.082301774799015,0.4006274701666503,-0.4308416254279455,1.727346597876629,0.4902847729278165,-0.6250414634655226,-0.3765418396217328,0.9091650206203095,-0.25301345728227514,-0.5275713802209161,1.7200577838991284,1.036095322967856,1.1384002476111834,-0.6919005982606822,0.555263157894737
41,-0.6817078740673487,-0.10847643645269889,-1.446171306562945,-1.048260005008658,0.025209588495771772,4.3521952922162415,-0.3379002856002802,0.33841621980870173,-0.4494414813470002,0.16280213156505982,-0.5199567882606763,0.4952214514244391,0.27224924285073504,0.2827703607045166,0.24308116602083263,-0.25301345728227514,-0.7821830567754798,-1.0626763819934624,-0.4081550776703657,0.5627541038456099,0.9838251751409037,0.0486111111111111
42,-0.3923225868619622,-0.1038252966325403,-0.8397707575676058,0.5266888022392344,-0.6232025360940482,4.078715696520519,0.07109584492400174,-0.5156041804249667,0.3974860475816035,0.18187343243318593,0.08504150991542198,-0.5348987948708241,-0.5968683642883911,-0.31771253557332957,-0.43202047914933944,-0.25301345728227514,-0.7320842632755252,0.9982495124774909,-0.9430229844022597,0.161568514054891,0.8476724560520248,1.02877142857143
43,-0.3364636584474729,0.1457858737159711,0.5359860674857082,0.6650759594998167,-0.5566782758027565,0.7690622574396007,0.3615860720010614,-0.42492210333216407,0.16690562983917218,-0.3631017229378952,-0.6342490756987974,-0.6031895140741044,-0.5518094075852855,-1.0326740775669871,-0.6890599485097298,-0.25301345728227514,-0.6963974514673384,1.1849512463335088,-1.0107477525358042,-0.5419456833164551,0.05170271368627172,0.8849066301182109
44,-0.4737685082921207,-0.10847643645269889,0.9867487448708232,-0.7263660265228842,0.1573009254770415,0.41904527576692036,-0.920303038163512,-0.6207661375696846,0.7763416113382416,-0.09282120974451163,-0.3851419441000895,-0.20990079384316526,-0.475877054659317,-0.6129190432756774,-0.6492259671398964,5.115801110315064,-0.6222786884811042,-1.0532174280465953,1.2874432353170586,0.9334549352116879,1.2875504715699413,0.09954267234110101
45,-0.39556600851183576,-0.10847643645269889,-0.012715343577795638,0.8561531941418892,-0.6494453198300614,0.10507021359211748,-0.4222710272288112,0.21775055270940807,-0.7164624010759739,0.3447434736749276,1.5499849897792233,-0.6492651800425827,-0.556111880878151,0.33364975880043296,0.47157511127254775,-0.25301345728227514,-0.6998288756796641,-0.8897126526793226,0.3336621413364935,-0.12199628775003042,0.40779444053410857,0.480975158154606
46,0.8452229626564649,-0.10460048660256673,-0.9385015414831965,0.4358438412366644,-0.5380131955771423,-0.6729008219242936,-0.16779339587047015,-0.42857863869880936,-0.29990976629877486,-0.4336711952896853,-0.6506003810549083,-0.2749003940486971,-0.377154194667375,0.053813069272893005,-0.2663266869367103,-0.25301345728227514,-0.1981546558376529,-1.1358706684870763,-0.31837186800247647,-1.737054456115622,0.5230005874554677,0.315026296018032
47,-0.42763984482725215,-0.09374782702219665,0.5132921063415247,-0.9471192817591298,-0.8159155011585093,0.9327937310985377,-0.446165640501895,0.3311031490754112,0.43078512698309923,-0.2929283903667487,-0.2992141659531809,0.5799677656164616,-0.0030010360108246215,-0.7268676952613234,0.24684398510788544,-0.25301345728227514,-0.1940369467828621,-1.1840662909782558,-0.9904641281364065,0.816828029175654,-0.5557478791718032,0.518478260869565
48,-0.6972042219500778,-0.10847643645269889,1.7696387488949046,-1.2450907538475602,-1.0580031869907278,-1.4136847401476604,-1.4961063261084635,-0.6217899674723453,-0.34703110507447615,-0.3315803146781141,4.141833738777434,2.787485833356231,1.0722752495797458,0.4968878276914978,-0.9615399513652672,-0.25301345728227514,-0.255802582604724,-0.8595340853250327,-1.1947653005592282,1.1796463485263669,-1.5926032014640346,0.05200842354415401
49,0.2563617431127521,-0.09219744708214381,-0.28519784365875545,-0.6128098252696714,0.7944661427514271,-1.0999641663717836,-0.21364829658024523,-0.2698850037864048,-0.18367713065204502,2.0156610684295013,0.3962168618454891,-0.3374316550059175,0.45446528749669357,-0.41417139446350426,4.493834086758373,-0.25301345728227514,-0.6984563059947337,0.03771526049206684,-0.6086248988177458,0.7423382906304526,1.1723443246485823,0.00345982142857143
50,1.073703998880892,-0.10847643645269889,-1.1368584704520848,-0.22005677720189282,0.11438719401815066,-0.7746007483450479,0.06574800290573998,0.5137836559930088,-0.5260921924221408,-0.4130153352989849,-0.807272582375194,-0.6105945318190386,-0.46233956547004995,1.8181621969948254,-0.6230159859128399,-0.25301345728227514,-0.49051199872779894,-1.36198471045504,-0.6348245803336344,-2.5192566864751362,0.6382067343768265,0.229697956230783
51,2.0528569569593915,-0.09994934678240812,-0.8273906679904677,0.42524526245303107,0.3463446867364673,-0.23648502881627734,0.5828957044589078,-0.3675876287831663,0.6758160886167456,-0.3792868625470467,-0.7308552573435744,-0.6138856508167869,-0.47508496752590246,0.4799280283261922,-0.1220420378055874,-0.25301345728227514,0.6301911490177611,0.03591355497837808,-0.2714659865788694,-1.6321142309371517,0.46016087095290814,0.20649060671389002
52,-0.6853116759005414,0.022530668481768244,-0.714988408241431,0.20600608990016153,1.6700498420529963,-0.40406563950896834,2.1072013554725513,4.121906494383892,0.5112055451602959,1.3376395381594155,-0.653937382147992,-0.6574929775369538,-0.32255418840268496,-0.4025115323998567,0.04696044015600188,1.5444227896825338,-0.5282576650633812,0.2611267441894974,-0.5596906549541991,-0.36995269832032274,0.5794739854338546,0.5453708337649203
53,-0.7573877125643986,-0.10847643645269889,-0.46223829015685525,-1.2126893844233102,0.6944404564141613,1.0856140146535282,0.5370976956854976,0.04677095896507533,2.4023419413584395,0.018550660013566,-0.8730115039089454,-0.7364798334829165,1.1768487531707725,-0.9579449616136101,-1.0044879899105925,0.07643292782744453,-0.7712024992960377,-0.8313824366736428,-1.0389757964916324,0.68296241207993,-0.5662211652555631,0.397938144329897
54,-0.7555858116478023,-0.10847643645269889,1.7374229664208776,-0.8169081709887792,2.020059978933317,-1.5101358433405687,-1.287199135778075,0.788755115564733,-0.7051532797698056,1.3273964952599175,-0.6824687414938588,-0.7134420004986773,-0.8054033041400789,0.37074931991203836,0.8553826581519192,-0.25301345728227514,-0.19060552257053642,3.0427348441360325,-1.02218546296102,0.3451625004301579,-1.058465611192279,0.146172941663219
55,0.05238655935403638,-0.10847643645269889,0.6585988879012857,0.0988090359171287,-0.5782946721324208,-0.7787043737777275,-0.4290980595925494,0.5047154482837285,-0.2684955404483073,-0.41544876538008113,-0.8920324101395234,-0.5455949316135067,-0.28464201788061533,0.2000913387986524,0.33209130028697514,-0.25301345728227514,0.3131275517988701,-0.41338675749780535,-0.5596624832536442,-0.5742639825794528,0.47063415703666817,1.14594885598923
56,1.6232837784428027,-0.09994934678240812,-0.9924814869968653,0.37588616697496796,-0.5674465913175339,-0.6388629985679573,0.7262064921610453,-0.6481170221121911,-0.7459917733754133,-0.3667235723609221,-0.8262934886057719,-0.3958490172159524,-0.31758564183853905,0.7809644670603639,-0.18951327660791129,-0.25301345728227514,0.49979702894938594,-0.09268317606117117,-0.29065091465663306,-1.4857736817823273,0.7219930230469059,0.505583433373349
57,-0.7649556964141035,-0.10847643645269889,-0.94311609503907,-1.2114781182766092,0.08934088978377956,1.5288373724328117,-1.461572920735221,-0.4057618580109429,-0.6391834054838238,-0.01268779126004116,-0.2421514472614474,1.2093942739358519,3.4738654361123875,-1.0422139647099715,-1.2886457071742243,0.4900887655413313,-0.5563953436044515,-1.0946566548614414,-1.2398400214467786,1.5917989115558546,-0.95373275035468,0.15359315161072304
58,-0.03410468464259216,-0.10460048660256673,-0.7783179902507688,-0.05047951666376158,-0.2881085103341966,0.22528417103472953,0.23192934902640036,-0.5609452189713681,0.007949647035806714,-0.003916124688647811,-0.4725713727388859,-0.5488860506112551,-0.3968843650815195,0.28648031681567704,-0.6647962530173557,-0.25301345728227514,3.775434582035459,1.5137625025817434,0.5148343476038912,-0.9443650575965351,0.9000388864708243,0.21564485981308396
59,-0.33682403863079224,-0.09374782702219665,-0.7134387447338615,1.3688215907330605,0.9516037839670681,1.730328562282376,1.296377478405913,1.2347061688807897,-0.41991210904756077,0.3161648180713558,0.17447313921006877,1.8602130557406065,-0.5604323561513213,-0.4851905543057208,1.7184955052924116,-0.25301345728227514,-0.7080642937892457,0.32508728992545527,-0.697929189576205,0.008562101478378221,0.14596228844011078,0.0238938053097345
60,-0.4517853171096443,-0.10847643645269889,0.5781196964081795,3.0191717156130866,-0.88259929205002,0.34705686992076235,0.33166091347334237,-0.597218049808489,-0.18995997582213853,-0.16440932724652804,1.8574896405068984,-0.41724129070131727,-0.7207579927465502,0.4518383606274052,1.6262415614684653,-0.25301345728227514,0.5526409618192011,0.05212890460157864,-0.08063088702120337,0.3100167783790413,-0.0006637167325278439,0.559808480017713
61,-0.7199081734991929,-0.10847643645269889,0.9454243846689718,-0.9259221241918635,-0.3934784717787964,0.7374102628231946,-1.2629062789504402,-0.30996063140483693,-0.15226290480157767,0.07497228305665717,-0.24131719698817647,-0.7488215297244731,1.1630052303163225,-0.4364311311304676,-0.9486944655163633,-0.25301345728227514,-0.8000264626795733,1.0709933725926826,-0.4668930733269547,1.4231988339054658,-1.2784046189512372,0.0861226114649681
62,-0.6442283350021428,-0.10847643645269889,1.6885396919987705,-1.1106402115637561,-0.9736114994749164,0.23686339318585714,-0.6601931051050871,0.1316025794712455,0.11287316137636812,-0.27736575612717995,-0.47924537492505354,-0.7381253929817907,0.49925421449522617,-0.9817946794710709,-1.3038916120959032,-0.25301345728227514,2.2717844921943557,2.1396299553994442,-1.0484696595785727,1.2426550369622318,-1.1108320416110786,0.0966268811624287
63,-0.7224308347824279,-0.10847643645269889,-0.34706385457761085,-1.1106402115637561,0.25038703070478413,0.05534954265197397,-0.4848521572297448,-0.13386188814720085,-0.973430768532798,0.5764286539541805,-0.24432049797195196,0.849016743682397,-0.6295239565614368,-0.6770482846257387,0.28116349022945175,-0.25301345728227514,-0.5076691197894273,-1.2919434086103818,2.5693119539578797,0.5239070283264076,0.04122942760251166,0.44803049555273206
64,-0.6517963188518479,-0.10847643645269889,0.2788107991628511,-1.2659850948781513,-0.7025690097029633,2.0379414144840315,-0.8006024040526358,-0.16413800098302364,-0.25278842752307357,-0.18970568181048164,2.4519763852397825,-0.7307203752368567,1.106154976513523,0.9442025359514289,-0.4560895460682453,-0.25301345728227514,-0.8062030262617594,0.051002838655522915,-1.142563139431334,1.4710936623466533,0.17738214669139057,0.0668069806191353
65,-0.30006525993222505,-0.10847643645269889,0.40800108024389,-0.031704891389897114,-0.8401641523917859,0.38968367674084714,0.0751351724058801,0.3644507516192161,-0.2697521094823261,-0.3640071852936519,1.4333568015759437,-0.6352779243021519,-0.8381309043343441,1.4132469871481577,2.0500777182911385,-0.25301345728227514,-0.6167884097413832,0.8899219684669425,-0.9651659410382689,-0.24444939831916015,0.0621759997700314,0.434053122465531
66,3.0215588897216317,-0.10305010666251387,-0.7248201622727882,1.2655611517268055,-0.778425810107062,-0.8067935308091715,1.040136197020273,-0.6424128269402245,-1.1826495126969114,-0.4245599803348832,-0.5781874573349891,0.7338275787612013,-0.4121320423997497,-0.5238800966078239,-0.165963219218254,-0.25301345728227514,-0.6806129000906405,-0.29312291445906735,-0.11469047299185851,-1.3452422012649137,1.0257183194759436,0.256680659363162
67,2.612887761837561,-0.08909668720203806,-1.3225081586589038,0.25778771767162656,2.572035855690797,-0.24841417251592807,0.7116990483881015,1.4027605343318057,0.18701073438347143,-0.363441271321304,-0.833468040955902,-0.19262241910498598,-0.6020709365965004,1.38144736333821,0.7448336284219581,-0.25301345728227514,-0.2901168247279805,-0.8667409073797885,-0.6757017178385317,-2.0189056683519855,0.44968758486914845,1.20190217391304
68,-0.7865785074132607,-0.10847643645269889,0.9610932045788407,-0.4980423578697577,-0.5881058040458846,-0.05983826891185182,-1.7180986618026837,-0.6481170221121911,-1.01992382279149,-0.05100016718799774,1.724843847056816,1.9400226914360061,-0.458109100098404,-0.6712183535939148,-0.6825074532029656,-0.25301345728227514,0.24106764334003142,-0.23163971380443177,0.4043731097288382,0.14427839530814374,-1.5716566292965146,0.5654862509820731
69,-0.6853116759005414,-0.10149972672246099,2.168057236691008,0.06216823497942537,2.035135620654006,-0.03435761796939827,-1.3337367397242237,-0.6443142253308801,-0.14598005963148417,0.7884200279957247,-0.7313558075075369,0.49193033242669054,-0.1262065892173985,-0.8551261779614459,-0.6169825001353244,-0.25301345728227514,-0.41913837511142527,0.014293088814110502,-0.628260574104385,1.0159814088334247,-1.2469847606999573,0.13553372905619002
70,1.1382120516950442,-0.09297263705217024,0.38117468307952107,0.06368231766280154,-0.4832941997020511,0.732320494844677,-0.5572187002853695,-0.6470931922095305,-0.33258056118326096,-0.43242618455051973,-0.10716975304620656,-0.28888764978912795,-0.36862125600286355,-0.3818417769233908,-0.3899807072801994,-0.25301345728227514,3.6004319472068507,-0.18231802536719682,1.8127891072614573,0.7291779227439289,0.7010464508793862,0.6183351158645279
71,-0.6442283350021428,-0.10847643645269889,2.1153170219833943,2.350249986097494,-0.7515449039701732,0.27869492375929816,-0.48860702502980063,-0.06672789881559375,-0.9665196388456951,-0.2911174656552352,-0.09415544878317958,-0.49869648589559135,-0.7652948920208144,-0.1253248115231459,0.3739364435826468,-0.25301345728227514,0.06400615398402734,2.6177575560946504,-0.31823100949970295,1.0113033093112629,0.9000388864708243,1.07974323473883
72,2.342242244164778,-0.10460048660256673,-0.9460948926702868,-0.015958431482784995,-0.1539432755500809,-0.7067795900313012,0.3608464768283233,-0.21649958743338393,-0.693215873946628,-0.3649126476494087,-0.6751273390890743,-0.4509752604282389,-0.3238863349452458,-0.08716526295120858,0.7886250574523125,-0.25301345728227514,-0.23246889796090953,-0.2293875819123206,-0.31972410962910286,-1.0950923960468673,0.8476724560520248,0.466999800119928
73,-0.4269190844606136,-0.09529820696224953,-0.7184665418917535,0.29018908709587676,0.06573036095137864,0.2395991434743102,1.2085932205955126,-0.2675448211517518,0.04564671805636757,-0.16684275732762424,-0.2888694625646211,-0.5200887593809562,-0.6008828058963784,0.31774994689545905,-0.6646016244438875,-0.25301345728227514,0.7461732873943683,1.852933565533689,0.7811132612470945,-1.1254229314103377,0.8267258838845051,3.3481228298611097
74,0.2246482869806549,-0.10460048660256673,-0.561089603456368,0.4667311279775383,0.15506749707397643,0.1270198379994745,0.5236143067671142,-0.5891736720018694,-0.4651485942722338,-0.3590837337342247,-0.43219365951257155,-0.6961636257604981,-0.6176606515405232,0.4910578966596738,-0.7017108057851654,-0.25301345728227514,2.0967818573657473,1.2856215419108796,0.24238583153920418,-1.173420575225638,0.42874101270162834,0.55571513864933
75,-0.04924065234200219,-0.05111237867074286,-0.5677359380554993,-0.9837600826968331,0.38447250018879037,0.7776830519532151,0.5468831087401889,0.3686923326445246,0.1109883078253401,0.10236251931829828,-0.5329710925237032,2.338248090163568,-0.1353155912516658,-0.18150414692072017,1.2260203382266062,-0.25301345728227514,-0.7307116935905951,-0.20979403445095335,0.11023238423701757,0.03212395804604528,0.585840303958027,0.17564969740121
76,-0.5260236348734172,0.7349302509360599,0.06351088251120343,3.7108046853793204,2.026919794742731,-0.877859416209223,0.502905641930442,-0.21489071187205996,-0.03226056205279179,-0.02513789865169613,-0.6814676411659336,0.1035782906923741,-0.5631326531970527,0.9071029748398232,-0.38511499294349344,0.348859746283559,-0.24893973418007267,1.1101804675154174,0.5017345068459469,-0.5375931658123191,-1.5088169127939552,0.0765517953114705
77,-0.3779073795291908,-0.10847643645269889,0.40250838403372713,-0.4123452779906665,-0.6291051683021484,-0.3050696523268017,0.2782962771634556,-0.12464741902325481,-0.3376068373193359,-0.05100016718799774,0.17046873789836806,-0.362937827238468,-0.5746719225724785,0.9129329058716469,1.251127424204009,-0.25301345728227514,0.32753953349063797,2.555148289493959,1.2803721384778242,0.4909375650273584,1.528436051496419,0.0824796329244311
78,0.5046636894197398,-0.10847643645269889,-0.9105903798635292,-0.0368527725133762,-0.9156221262953373,-0.7656618433327763,0.04219474125084331,-0.2141594047987309,0.615500774983848,-0.3976790666483553,-0.8536568975690593,-0.6616068762841394,0.02522606910722161,-0.37124190232007487,-0.8713620456583155,-0.25301345728227514,-0.22629233437872326,0.607955055574621,1.1605578960186045,-1.1953031140161186,0.26116843536146994,0.575715353405936
79,-0.3732224371460401,-0.10847643645269889,0.5719554793447367,-0.9867882480635856,-0.7611965052834181,-0.2949855495193638,-0.9343553464455397,-0.6115516684457385,0.11036002330833082,-0.31098104608464855,2.0253407954890146,-0.6056578533224158,0.4045818000718812,0.11158238586096464,-0.6418300813481032,-0.25301345728227514,-0.1940369467828621,-0.411359838794905,-0.4904446149906999,0.12750235343196503,-1.3412443354537966,0.0783347033328351
80,-0.6215243834530279,-0.10847643645269889,-0.6070629541809283,-0.9283446564852654,3.764367561727041,0.08566547317401925,-0.5634199213490982,0.09840123834210641,-0.9954207266281252,5.193098248971567,-0.890864459756944,-0.6961636257604981,0.3326098828129855,-0.9054755823271964,0.8681632678096666,-0.25301345728227514,0.5327387013877122,-0.922593778304146,-0.5485064898339757,0.5636623063169451,2.8061769537151284,0.5450502851144063
81,-0.7930653507130079,-0.10072453675243455,1.0567763169295445,-0.01141618343265648,-0.18377549779101973,0.16442963264157878,-1.1314290140121155,-0.5471966459927818,-0.8006525263552268,-0.3447095188365867,0.9391469396902284,-0.7488215297244731,0.16353528378958673,-0.9950445227252158,-1.5763067387602845,-0.25301345728227514,-0.5138456833716134,-0.16497660979794052,1.8937827463562742,1.5062051126063989,-1.2260381885324376,0.5431458342212632
82,0.12338145546793575,12.910063920171213,-0.01235375542602936,0.5173014896023022,1.6371067731077877,-0.6114418735836938,0.5962084175681971,-0.6481170221121911,0.27874027386683653,-0.1442627898309408,-0.7760716221548601,-0.5118609618865851,-0.7840709574788004,-0.5694595574020822,-0.20475918152959008,-0.2514295804307861,0.3357749516002194,0.7088505643412024,1.7604460876307892,0.06274580363617048,-1.4564504823751556,0.0483362623356057
83,-0.7887407885131764,-0.09142225711211736,-0.06666085212462958,2.604313060368016,-0.44101859064403603,-0.10039735749066386,0.8539857812356781,0.6030031189391534,0.021771906410012285,-0.30549168055287335,-0.1699053735961825,0.9131935641384915,-0.37908040655999675,0.3585594641182252,0.07602497379392584,-0.18015512211377946,0.23145965554551948,0.779342292564283,1.9464919980941535,0.25021250243637844,1.905474350511776,2.61300362396078
84,-0.10834300240636505,-0.10847643645269889,-0.29175808584079943,-0.6215915048332532,-1.0506647793806572,-1.0614727960342445,-0.856356501689831,-0.3444783252659682,0.4207325747109497,-0.4574395821282994,-0.32240632355011356,-0.5867339190853623,0.08486662985727696,-0.7480674444679553,0.2921924427259854,-0.25301345728227514,0.1882237104702162,-1.1183040397286088,1.4750667610114865,-0.5609665275274447,-0.3567554435803649,0.8181983621474069
85,-0.44385695307662004,-0.1038252966325403,0.791009025381386,-1.1030697981468753,0.02720372099850829,1.0161704927966289,-0.9471560321275488,-0.15024316658977172,-0.22200248618961552,-0.2601619713678021,-0.6484313303444038,0.3347794002842025,-0.3333733785659157,4.160204490597474,-1.0957687908671974,4.829647359146045,-0.7869870506727358,-1.4338277178133871,1.5649626574815942,1.461137706953333,-1.4983436267101953,0.00031759182546257903
86,3.4576189115379674,-0.10460048660256673,-0.9306843500116796,0.5872521095742813,-0.05152463020953111,-0.9694752398225395,0.1592783462889532,-0.2684223896397467,-0.1560326119036337,-0.40033886231839066,-0.890864459756944,-0.6484424002931456,0.2246880108852517,-0.029925940093302683,-0.11821434252737893,-0.25301345728227514,-0.26197914618691015,-0.34357066884235804,0.03061915846938196,-1.137675096825525,0.7219930230469059,0.0770767613038906
87,-0.5098065266240493,-0.10847643645269889,0.00429651803863344,-0.9010911681844941,-0.540884746381083,0.43383741395448705,-0.8130048461800935,-0.5388597453568307,-0.6793936145724222,-0.17708580022712223,-0.06011803763372456,-0.414772951453006,-0.3722396540441438,0.8625835015058966,1.5164710460323774,-0.25301345728227514,2.8112043783719494,1.4169208312209618,1.2471295318232556,0.7043480098955285,1.3084970437374612,0.682813186813187
88,-0.7127005698328073,-0.10847643645269889,2.0083902399611033,-1.0603726664756674,-0.916419779296432,-1.2135614254423228,-0.481836884602427,-0.07799002774486123,1.2500681371632916,-0.4219567760620826,1.039757522646706,0.20971687836976152,0.3345000907449976,-0.877915908358575,-0.3835579643557474,-0.25301345728227514,-0.7705162144535727,-0.3895141594414266,-0.7645270896875604,1.0425420471460685,-0.5557478791718032,0.0478057889822596
89,-0.7015287841499093,-0.10847643645269889,0.7483416234729738,-0.9410629510256252,-0.4872026994074148,-0.08296490216424111,-0.5482297743397808,-0.20977156235875657,0.23664521122721002,-0.22762191795779466,-0.7331911581087329,-0.7381253929817907,1.8047758281851647,-1.0003444600268738,-1.0870105050611265,2.863000268547157,-0.271587133981422,2.4889356118658905,-0.8206732888931153,1.4434363267101327,-1.068938897276039,0.0258995650454725
90,1.1191119019791218,-0.10149972672246099,-0.9172539329460777,0.6947519800939893,0.12435785653183343,-1.0245401671401264,0.2355135410173629,-0.6296880838642991,-0.3979221509522335,-0.4139207976547416,-0.16406562168328578,-0.2995837865318104,-0.5506392788654685,0.07660279967002219,1.1047667369558916,-0.25301345728227514,-0.4287463629059371,-0.8088611177525308,-0.47368245316064217,-1.862283581785816,1.0047717473084234,0.204008589835362
91,1.1648801852606714,-0.06894174798135082,-1.147396182303557,0.9597164496848193,0.18960587202137374,-0.361788754237407,0.3817258174740891,-0.08106151745284325,-0.5644175479597112,-0.3691570024420184,-0.8296304896988557,-0.26667259655432596,-0.563222663098577,5.725805969507233,3.446862113881548,-0.25301345728227514,-0.5948272947824988,-0.6498606061694806,-0.3471633459693992,-0.41657947048077687,0.5648937317905073,1.91360759493671
92,-0.6471113764686971,-0.0898718771720645,1.4050373625306503,-1.191795043392719,-0.6066113536712799,-0.17537600202420073,-1.0889876294842098,-0.5337405958435273,0.04250529547132082,-0.3584046369674072,-0.277523658848136,-0.3489505714980371,1.6439641381217043,0.03473329498692427,-1.1073816290841358,1.2917944318700325,-0.6270826823783602,-1.2162717770354456,-1.1828768429251368,1.2461336237864036,-1.4983436267101953,0.0596439276299159
93,-0.5033196833243022,-0.10847643645269889,-0.20328951804200185,-1.1739288677288802,-0.5505363476943279,0.90689953650783,-1.0716355888930418,-0.5901975019045301,-0.15037805125054948,-0.15535470368896073,1.0794678356544032,-0.6344551445527147,2.6921474433534356,-0.8641360713742644,-1.399973251198058,-0.25301345728227514,-0.6957111666248733,-1.4583759554373992,-0.59366572582319,1.6123791222742323,-1.4773970545426756,0.0279560899111343
94,-0.47881383085859075,0.04966231743269341,0.9484720562338586,3.6005794660295356,3.159507290996988,-0.4612937182174256,0.8723049847450425,-0.422728182112177,-0.7196038236610206,-0.13469884369826038,-0.459557068475859,2.9553329022414014,-0.6622155527950923,-0.533949977480974,0.7161583519309705,-0.25301345728227514,-0.23315518280337458,1.7612717975247634,0.023069142720717112,-0.07739155128047445,-0.3672287296641248,0.0861291601842531
95,-0.7862181272299414,-0.05576351849090146,-0.0450860924025793,2.033806705271875,5.909575542870923,0.14515213642294347,-0.7798937392159633,3.785797763481859,-1.20338290175822,-0.34516225001446504,-0.7613888173452914,2.0766041298425666,-0.6651858795453969,1.0284715390477903,0.11670234564878791,0.011493976916394021,4.388286946356822,-1.5081480702530565,0.45978684471997033,-0.3588315020203845,-1.1422518998623583,2.05027726432532
96,-0.6366603511524379,-0.10847643645269889,1.3871645767433494,-1.25144990111774,-0.504830830731606,-0.5478833959519557,-0.8326325642258408,-0.3788497577124338,0.5099489761262773,-0.1851217786344632,0.4310885232682152,-0.2238880495835962,-0.4785233457641338,-0.7448874820869603,-1.2443352686146214,-0.25301345728227514,0.8230371897504629,-0.7593142161260846,0.3404233494696261,0.3446655594552767,-1.2260381885324376,0.0139647424818527
97,-0.05356521454183365,-0.09529820696224953,-0.6716494854797389,0.6081464506048725,0.32305321910450435,-0.31505832198464234,0.7018567433970458,-0.6020446764924607,-0.7459917733754133,-0.29892707847363703,-0.5296340914306193,-0.47648143266078935,-0.5898115880088795,0.04321319466957709,1.56824224657493,-0.25301345728227514,0.04204503902514317,-0.8232747618620425,1.4648404337101237,-0.24417522398819158,1.2770771854861813,0.977586206896552
98,-0.39052068594536576,-0.10847643645269889,1.4957615516571325,-0.6561125900142298,-0.3068533558599203,-1.3749706924610614,0.01335052951404949,0.45162255476003926,1.4731091407016108,-0.41776901266670774,0.9389800896355742,-0.6945180662616238,-0.777428226746301,0.8784833134108704,0.9844862785525189,-0.25301345728227514,-0.8062030262617594,1.6216396202138696,-0.5937220692242995,-0.4861340710685326,-0.7861601730145212,0.160838709677419
99,-0.7700010189805736,-0.029407059510002737,0.9272416661801571,0.3646819551179842,0.5927396987745968,-0.6532097820574037,0.7528319183796243,0.8942095955387822,-0.47834256912943024,-0.20951267084266006,0.532032806334001,0.7708526674858713,-0.6301720278524123,-0.20906382088934145,0.4988231115581014,-0.25301345728227514,-0.5529639193921259,2.696807385507753,0.1764358805406072,0.49739779770082093,-0.7652136008470015,0.0328853754940711
100,-0.1941134860363551,0.0473367475226141,-0.06333768482506409,2.501658254435111,-0.3362867516003119,0.6546697221224184,0.5576356847130762,-0.6078951330790933,1.0163462968358135,-0.3528020886411624,0.28359307495390984,0.1735145693945286,-0.7508573038163036,-0.9388651873276415,0.277335794951243,-0.25301345728227514,-0.03687771785834693,-0.3737492361966482,-0.2858335538617761,-0.5088048610605506,1.0047717473084234,0.645075591586328
101,0.5893530324997721,-0.10847643645269889,-0.2856283057441913,-0.2963665444440518,-1.0714037574091173,-1.4569795790149258,2.6835735627811483,0.22389353212537194,5.954034316012295,-0.44793222739285377,-0.8351365415024441,-0.7183786789953001,-0.48963056761224255,-0.3277824164464796,-0.8635769027195858,-0.25301345728227514,-0.7121820028440364,-0.6678776613063699,-0.4939379058594849,-2.3493714166483297,0.08312257193755153,0.00943171675096697
102,-0.051763313625237214,-0.09762377687232883,-1.1632199685641829,0.25324546962149824,-0.5902594671488403,0.0344496828901863,-0.008837325668099699,0.5907171601072251,-0.5041022343268136,-0.4140339804492112,-0.5436494960215715,-0.6048350735729787,-0.745258687941487,0.31033003467313786,2.103730328377217,-0.25301345728227514,-0.15560499560481478,-0.9588531017671362,-0.30589180465673604,-1.8255956291229962,0.6382067343768265,2.5551446945337597
103,-0.27447826691655575,-0.10847643645269889,1.1885149335563645,0.043090793168885706,0.0023169473643559263,0.5056667645513164,-0.49412554285715565,-0.6365623703535921,0.009206216069825275,-0.35591461548907616,-0.344597380819121,0.22617247335850366,-0.34199632713195144,0.011943564589795088,-0.0762394468493948,-0.25301345728227514,0.9431370371818611,-0.07826953195165962,0.33808509832358463,0.6353246220740262,0.7115197369631462,0.5835586337338671
104,-0.6896362381003729,-0.10847643645269889,0.23934603517008263,-0.8399222277760968,-0.20092503731455422,-0.8875935974681379,-1.3914251631978114,-0.41921790816019744,-0.6800218990894316,-0.3917935613359365,1.2409786885596605,-0.7159103397469887,3.051520976179683,-0.5138102157346737,-1.1250928292697457,-0.25301345728227514,0.5739157919356201,-0.2266850236417872,-0.9330783741064439,1.4002710054781655,-1.3412443354537966,0.0372360906115639
105,-0.16564345155413146,-0.08211997747180017,0.8541147671062969,-0.02807109294979437,2.1179320021676276,-0.5066562753259634,0.9099105546819668,-0.1521445649804272,0.2284775125060885,0.15968960471714613,1.240478138395698,1.0366105265540584,-0.6991916203413083,0.14762195951223872,0.03898066864380387,-0.25301345728227514,1.192944719839169,-0.49401307923538595,0.2779385176392595,-0.22861583070568778,-1.3726641937050765,0.5459828946517202
106,-0.38799802466213074,-0.06739136804129796,-0.32395664983140876,-1.0627951987690694,-0.29576597914470504,-0.7936237561647573,-0.3934268154920174,0.4090604830922883,0.1713036214582377,-0.4166937761192466,0.3214680373604114,0.29281763306290964,1.3479395739883175,-0.5996692000215325,0.7692270762966442,-0.2506376420050416,-0.7279665542207344,0.22869604494309603,-1.0489204067874482,0.43956414976200026,-0.3986485879154046,0.45670995670995707
107,-0.6842305353505835,-0.10847643645269889,1.0935033420589404,-0.9904220465036884,-0.9429816242328829,-0.27901640248676485,-1.3621258159701017,-0.5612377418006996,-0.2502752894550363,-0.4293702490998408,0.6232997862298437,2.7027395191642083,0.12902548754513873,-0.90123563248587,-1.4610866232670858,7.8450849049059235,-0.1350164503308608,-0.06903579119400374,0.898983656368039,1.155433327922647,-1.5716566292965146,0.526490198693159
108,0.4080818002901713,-0.022430349779764845,-1.1763404529282708,0.8370757523313495,-0.1878435280966024,-0.22217005637669668,0.3610171526374169,-0.6481170221121911,-0.9658913543286859,-0.4001124967294515,-0.754047414940507,-0.22224249008472194,-0.19288592426666057,0.4687981599927105,-0.2948722110453857,-0.25301345728227514,0.2829310187304044,-0.006876950971734638,-0.7964737981166118,-2.0766879086037497,0.44968758486914845,0.0351348256712658
109,-0.5007970220410671,0.5147762994485531,-0.5538061849707918,0.844343349211555,0.517600786071483,-0.011421851016203508,1.4181831141622747,4.7034418790951555,0.036850734818236766,0.8364095328508313,-0.6834698418217839,-0.3473050119991628,-0.49875757162681483,-0.14546457326944612,0.25365598517927385,-0.25301345728227514,-0.5481599254948699,1.0453190690226153,-0.1385519033617054,0.06956589011902989,0.6315743126196717,0.54578488413487
110,1.8867216924492005,0.023305858451794698,-0.6970295300370428,0.7150406880512301,0.23124335867851314,-0.5093602145645508,1.971969222734171,-0.6481170221121911,-0.41425754839447654,-0.2764602937714232,-0.49342762957065983,-0.3415455537531031,-0.3534635885861577,0.18790148300483914,0.6615325989775509,-0.2242396944802243,0.2225379525934728,-0.7097673144996383,0.16987187431135772,-0.9252242621157463,1.3818100463237803,0.0382995789051534
111,-0.4953913192912779,-0.08522073735190591,0.8617597737436393,0.23749900971438576,-0.583479416639536,-0.5674153805695169,-0.1544806827611809,0.32569147673277615,0.07580437487281635,-0.2731779927318051,1.3759603827749014,-0.6994547447582464,-0.6163105030176576,-1.0438039459004689,1.8833459070200118,-0.25301345728227514,-0.7856144809878055,0.16023123542291579,-0.7057327506298621,-0.1678005369175764,0.3135348657802695,0.0640539721043056
112,-0.3696186353128472,-0.10847643645269889,1.8051776986684973,-1.3525906243672683,-0.945215052635948,-0.9769508365409871,-1.1979925795585629,-0.5476354302367793,0.05507098581150783,0.37479350560660396,4.916518542536845,-0.08483827192872441,-0.7176436501538066,-0.8853358205808962,-1.5781232721126548,-0.25301345728227514,-0.8062030262617594,-1.0225884343138831,1.2749913436718727,0.8471414286434383,-1.4773970545426756,0.00472942246475671
113,-0.7422517448649886,-0.10847643645269889,-0.15123804267108598,-0.8265983001623867,-0.5290794819648825,-0.3800164858104729,-1.5977722163917982,-0.5842007839032319,-0.8213859154165353,-0.19344071402797813,0.4904871427251073,0.6622457405601728,2.5547923336272294,-1.0363840336781478,-1.3941992701851669,-0.25301345728227514,-0.22903747374858385,0.012941809678843685,0.04980408654714539,1.78961569135015,-1.152725185946118,0.0290627728728049
114,0.5670094611339764,-0.10847643645269889,-0.758757793088559,-0.5628450967182578,-0.8267635819733963,-0.16926828044997974,-0.7439380354336089,-0.21532949611605742,-0.10137185892382017,-0.2788937238525194,-0.4211815559053949,0.31091878755052615,-0.298377528853236,0.2409008560214187,0.07219727851571708,-0.25301345728227514,0.4263645508056169,0.22284050202360708,2.3848154870250253,0.020248782335940994,0.5334738735392275,1.10745192307692
115,1.4084971891845084,-0.10460048660256673,-1.002571518279484,0.4506818515337506,1.0843332433492134,-0.42668329596350596,0.13219778457945836,4.710023642755117,-0.6542622338920482,-0.2868165194653908,-0.3616160863938485,-0.5554682886067519,-0.45467072186017266,1.4837361532602082,-0.34638390682331327,-0.25301345728227514,-0.12678103222127918,0.04086824514102266,-0.612118189686531,-1.5459206756387014,0.6486800204605866,0.22021533320957898
116,-0.5908920678708887,-0.10847643645269889,-0.3644889597960584,0.3135059604198699,0.4971808692434607,1.325119409092646,-0.18366624611616159,-0.5862484437085532,-0.029119139467745036,-0.3872662495571529,-0.4330279097858425,1.1411035547325714,-0.6547267289882637,-0.3309623788274743,-0.13547140937489613,-0.23268703768816587,-0.44864862333742594,-0.3424446028963026,1.3534495297167648,-0.2277076282343525,0.42874101270162834,2.30598345003183
117,-0.4474607549098129,-0.09994934678240812,0.48591471770779804,-0.3417890249453368,-0.9604502249568552,-1.0216135505524788,-0.8990254539631947,-0.6310044365962914,0.021771906410012285,-0.2605581111484456,0.27057877069088304,0.5824361048647728,-0.6328003169769243,1.7164034008029927,-0.08331095168540752,4.476178841788742,-0.22148834048146737,-1.1482573938936878,-1.089853887693455,-1.7293947107441696,-1.152725185946118,0.14432922965510997
118,0.09238875970247709,-0.08444554738187947,0.42397983285527274,-0.030796441779871512,-0.3048592233571838,0.3362093019165469,0.9125844756910979,0.43875155026944784,0.5897411097864647,-0.20328761714683258,-0.20727978583872145,-0.6229362280605952,-0.7128011174517949,-0.43696112486063343,0.9268113446147631,-0.25301345728227514,-0.5591404829743121,-0.19605602990907509,-1.165720277287313,-0.026206630867656587,0.3868478683665888,2.74970814849405
119,-0.007076170893645808,-0.10847643645269889,-0.729451934312079,1.3109836322280908,-0.8577125184158676,-0.05350786998857065,0.3797345997013323,-0.3866016126897217,1.7219098094373138,-0.30764215364779557,0.13576392653029634,-0.68135359027063,1.2952117736753348,4.288992967027763,-0.25348120108780636,-0.25301345728227514,-0.7959087536247825,0.49940229837486144,-0.6689686814059538,0.15613643512256312,0.020282855434991906,0.659159200551344
120,-0.6827890146173065,-0.09762377687232883,0.002350829412462868,0.5224493707257812,0.3287165554122761,0.9406192493655089,-0.9227493914271848,-0.5429550649674733,1.0647242046455332,-0.3238838846541819,0.16613063647735918,-0.60730341282129,0.6223337538396659,0.2552106867358951,-0.6910711104355682,-0.25301345728227514,-0.6483575124947791,-0.7768808448845518,-0.3610238226423209,0.603109138185143,0.030756141518751966,2.5780374116500098
121,0.31113953097728353,-0.10847643645269889,1.4204306867058403,-0.35692985177909853,0.8482279550252049,0.9305351465580707,-0.08547076395106087,-0.36656379888050566,0.4917287251330061,-0.15597720905854348,-0.7116675010583422,-0.4690764149158553,-0.4425013831740762,1.7911325167563699,-0.2735928203461911,-0.25301345728227514,0.4551885141891523,-0.990157735067482,-0.17968258617159505,0.9383043936907063,-1.3412443354537966,0.33001889013606395
122,2.750192611682209,-0.10847643645269889,-0.6710124015932938,-0.30393695786093267,-0.6402723103174731,-0.8313834723553846,0.8386249584172671,-0.6481170221121911,-1.1085119396898082,-0.41782560406394254,-0.7128354514409216,-0.5826200203381767,0.04099580385429333,-0.2705430935885737,-0.20865175299895475,-0.25301345728227514,-0.47953144124835684,-1.026191845341261,0.2196230974909913,-0.7498383697738702,0.7115197369631462,0.545670871559633
123,0.6726008548465271,-0.10460048660256673,-0.9473518419597597,-0.19764835348792545,1.0706933770304954,0.28349839228902424,0.6490610264508037,-0.44437487148271687,0.09088320328104084,-0.4083748407257316,-0.6262402730753962,-0.606480633071853,-0.4013308542168239,0.35219953935623577,-0.6925632628321581,-0.25301345728227514,0.7852915234148806,-0.28591609240431154,0.3523399788042722,-1.1099663535019477,0.46016087095290814,0.972998537298879
124,0.76702046287618,-0.10847643645269889,-0.02654178576199842,0.6326745900755665,-0.31602636537250844,-0.69850871706621,-0.06470520717802378,0.0953297486341244,-0.15100633576755892,-0.4281252383606753,-0.7890859264178872,-0.6928725067627496,-0.2572069998959837,-0.6304088363711486,-0.08817666602211373,-0.25301345728227514,-0.6826717546180358,-0.05980205043634786,0.0965127660668694,-0.7455543958524763,0.13548900235635108,1.76826025459689
125,0.45529160430499777,-0.10847643645269889,-0.6472681129606465,0.6487238665193538,-0.8796479759459698,-0.4485056761714,-0.18548678807982516,-0.2726639706650552,-0.213834787468494,-0.40786551815061844,-0.721845354392248,0.2993998710584067,-0.11203903071746071,-0.32937239763697695,-0.8995183126200543,-0.25301345728227514,-0.056093693447370696,-0.2735293669977001,0.9235212075511992,-0.6420707218072789,0.5963135900417871,1.06376487708539
126,0.09923598318554347,-0.09064706714209093,-0.6060987191095515,1.3091667330080397,-0.20419541461904217,-0.7823626445122871,0.535959856958208,-0.6308581751816256,0.19769157117263025,-0.388341486104614,-0.658275483569001,-0.651733519290894,0.1771447809000732,-0.11154497453883512,1.177687575815326,-0.25301345728227514,-0.7252214148508739,0.03321099670784445,0.08039855334957018,-0.6798896435853465,0.7219930230469059,0.8968180300273291
127,-0.7296384384488136,-0.10847643645269889,-1.4226508582147244,-1.3435061282670113,-0.6854194701794288,3.215172936865281,-1.564661109427668,-0.6067250417617668,-0.6781370455384035,-0.33661694903201084,3.28105430681646,-0.6015439545752302,2.719402441535019,-1.012004322090521,-1.4408452516263888,-0.25301345728227514,-0.8062030262617594,-1.442836245381832,-0.9484319509087658,1.6362322890685541,-1.4669237684589156,0.038295243977764
128,-0.17140953448724008,-0.10847643645269889,-0.9447518509637265,-0.2536694127728438,1.6193988764834875,0.611883860053005,2.52871371199702,1.6104517431572571,0.8693277198556253,0.07293499275620456,0.008457334829148186,-0.007496975481635905,-0.4717185972088906,-0.6733383285145781,2.3765347121885347,-0.25301345728227514,-0.3443333272827259,1.2013918091459208,-0.5287581277451177,-0.31652297557269526,0.44968758486914845,0.0351851851851852
129,-0.7058533463497407,-0.10149972672246099,-0.7905431134771498,-0.4177959756508206,1.3384654894979606,0.10303430640071039,2.727437245718166,1.6999637289327332,1.337399685027591,-0.10793111280620207,0.04866819800080835,0.715726424273585,-0.48473402896931617,-0.75124740684895,0.5872493601038389,-0.25301345728227514,-0.4115892418443088,-0.5433347676726211,-0.5547042639560137,-0.4658280346811236,0.10406914410507127,0.0175824175824176
130,-0.7173855122159579,-0.10847643645269889,-0.4797322693089724,-0.39175375349675046,-0.0069358274483415795,1.5427069901742714,2.015377770180273,2.1783848163046002,-0.16482859514176468,-0.4036211633580088,0.1803128911229654,0.9897120808361428,-0.17317375583282085,0.48416797816751866,0.428237815580286,-0.25301345728227514,-0.5611993375017076,-0.29019514299932286,-0.26729657489677094,0.18603857309389454,0.5230005874554677,0.0648648648648649
131,0.018510822122023558,0.8496583664999721,-1.39875160323132,-1.0270628474413916,1.1100176699844604,1.6424346315033505,1.3787001103253222,0.4855552029625073,-0.3369785528023264,5.48969376187913,-0.896203661505878,-0.2699637155520744,0.42467201009212324,-0.35799205906592996,-0.4658209747416572,-0.24351019617334094,-0.7320842632755252,-0.7653949722347847,-1.3861356624274341,0.17479742552415573,2.7957036676313685,0.5362390820251659
132,-0.7173855122159579,-0.10847643645269889,-0.7611855992504177,-1.2547808830211675,0.7307336679639668,4.024795966998098,-1.234858554322749,-0.027968623929153974,-1.0978311029006493,5.188514345795548,-0.37746684158599675,-0.5077470631393995,-0.2916267862389074,-1.0316140901066555,-0.13313586649327722,-0.25301345728227514,-0.7897321900425963,-0.16002191963529594,-1.4730735303392968,1.3820555483643968,-0.8594731756008407,0.43428571428571394
133,0.6149400255154414,-0.10847643645269889,0.7796620448092937,0.3928438930287809,-0.27941409262226524,0.4516834129291642,0.8971667609363221,0.33037184200208225,-0.24336415976793332,-0.3785511743829944,-0.10066260091469306,1.2538243804054556,-0.6986875648927717,0.016183514431121423,0.037618268629526184,-0.2506376420050416,-0.027269730063835103,2.0517968116071073,-0.10804195166094482,-0.1389779603744368,1.6960086288365779,0.962832110955738
134,-0.6694549478344929,-0.10847643645269889,2.4312589742099684,-0.8562743207565597,0.5357075091963313,-1.0420680556161463,-1.0057547265829683,-0.6264703327416512,0.07894579745786329,-0.03079703837517569,-0.11000620397532779,-0.15888844937806437,-0.48923452404553525,-0.4549809116862705,-0.4573870698913668,-0.25301345728227514,-0.0876627962007667,2.4344340200767993,0.5096789264023777,1.16994743156833,-1.194618330281158,0.0915910176779742
135,0.11293043015167642,-0.10847643645269889,-0.35329694557472363,0.4894423682281807,-0.7756340246032308,0.11257762136043092,0.1213883166702064,-0.6383175073295819,0.2856514035539393,-0.3881717119129096,-0.5950393128550624,-0.5497088303606922,-0.5023219637271804,0.21758113189412362,-0.5018921370244379,-0.2511656009555379,0.06400615398402734,-0.8719208107316443,0.3685387066232356,-0.7826364741160641,0.49158072920418794,0.0
136,-0.7725236802638086,-0.10847643645269889,1.4006466492592033,-1.0182811678778099,0.8911416864840955,-0.7664889306292855,-1.4747718499717817,-0.28187843978900123,-0.6768804765043849,-0.12349374704577083,0.5909308756269306,-0.2238880495835962,1.2758776468278974,-0.6664484100224227,-1.4057472322109494,-0.25301345728227514,-0.11991818379662786,0.9559094329058007,-0.4319601646391033,1.113656014241211,-1.184145044197398,0.0227153065062053
137,4.089725753079994,-0.10847643645269889,-1.1015950164131714,1.418483502747799,-0.5445539501861182,-0.6601127798782681,0.5311809343035908,-0.6057012118591061,0.07580437487281635,-0.34669021773980446,-0.7338585583273498,-0.40243125521144935,-0.2977474595425653,0.2615706114978848,1.7630005724254831,-0.25301345728227514,-0.03893657238574239,1.3207547994278144,-0.4298472870974993,-1.1638244736417147,0.3763745822828288,0.35666422555840405
138,3.256887149429125,-0.10460048660256673,-0.7172956850193677,0.20297792453340918,-0.5868295592441334,0.2593538054409315,0.4466395168659667,0.24890423403322556,-0.03477370012082909,-0.39026559361059704,-0.7116675010583422,-0.28724209029025377,-0.4773532170443168,0.3156299719747958,-0.19956908623710365,-0.25301345728227514,0.5471506830794799,-0.8505255577565879,-0.3053565423461964,-1.1545196822844466,0.3868478683665888,1.06718972895863
139,-0.42259452226078215,-0.014678450079500522,-0.47816538731798547,-1.174837317338906,0.7153389650428407,-0.7448892277704515,-1.414466397425428,0.1687529787963614,-0.9677762078797139,2.38548584935889,0.3328138410768965,-0.44932970092936464,3.405007861446235,-0.616628999386838,-1.279563040412373,-0.25301345728227514,-0.5618856223441726,-1.1685265809226884,-1.3983340087676275,1.4281682436542835,0.17738214669139057,0.000559440559440559
140,-0.5829637038378643,-0.10149972672246099,0.9131225097778577,0.37376645121824126,-0.6785596543700151,-1.172525171115525,1.1477188486855137,-0.6468006693801989,1.5792892240761909,-0.3236575190652427,-0.6382534770104981,-0.30534324477787017,-0.44736191785639284,-0.3701819148597432,1.082514203389356,-0.25301345728227514,-0.7320842632755252,0.7230389952615034,-0.6543475688180547,0.05835901434066336,0.8581457421357849,1.13988059301
141,0.05274693953735563,-0.09994934678240812,-0.9892960675646393,0.7919560883667395,0.6998644968216049,-0.2507363791561267,1.1205813950396546,-0.6481170221121911,-0.20692365778139102,-0.3130183363851011,-0.45138141579780355,-0.6920497270133125,-0.4028610225427384,0.11105239213079876,-0.6169176239441684,-0.25301345728227514,2.13590009338626,1.4878629858224646,0.4868035055519459,-1.0550115360383032,0.868619028219545,0.31568384591162
142,-0.7436932655982658,-0.078244027621668,1.5468315734732538,-0.15979628640352114,1.3002579107455283,-0.4785353072446538,-1.417424778116381,-0.6037998134684506,-0.5882923596060665,3.5756029332066404,0.7068916636115937,3.565835476323738,-0.604159166311866,0.4232186991984522,-0.050743103725055305,-0.25301345728227514,0.12028151106616822,-1.3624351368334622,-0.34105008694902517,1.139017139855864,-1.404084051956356,0.0377672425582349
143,-0.45142493692632507,-0.10847643645269889,0.1926495081419901,-1.068851529502574,-1.025299413945848,0.4677798041612261,-0.7183366640695905,-0.5397373138448255,0.5413632019767448,-0.1845558646621152,0.8775792695228315,-0.4155957312024431,-0.6154284059827185,-0.2742530496997343,0.2101889371046999,1.664005491969956,-0.8062030262617594,0.19153586872326142,0.6371840431130354,-0.15996943258926727,-1.194618330281158,0.0216287714657119
144,-0.6388226322523536,-0.10847643645269889,0.3697243916069247,0.21236523717034142,0.03797203651328577,0.9752614826692941,0.15313401716158875,1.1675721795491825,-0.8534284257840121,-0.08059746794179581,-0.6093884175553229,-0.5645188658505602,-0.5184697400606545,-0.5917192940690456,1.2365302811938907,0.593568719838615,-0.6998288756796641,1.089010427729572,-0.20154382580205704,0.9213741287533559,0.8057793117169852,0.8441322314049591
145,2.966420721673781,-0.10847643645269889,-0.9656206528656617,0.7753011788496018,0.30207494517571576,-0.6619578207704807,0.4390159973931253,0.028049497887851514,-1.1612878391185937,-0.3661010669913394,-0.7398651602949007,-0.35059613099691134,-0.45024223470517305,1.8621516765985862,-0.1803657336549037,-0.25301345728227514,-0.12266332316648847,-1.024390139827572,-0.4155078915151472,-2.0368812229261555,0.3449547240315493,0.0
146,0.9338764877530092,-0.09142225711211736,-1.0018655604593691,0.2032807410700844,-0.3799183707601878,-0.3236154943985251,0.14533982187965455,-0.6481170221121911,-0.24210759073391458,-0.3993768085653991,-0.7301878571249575,-0.43451966543949666,-0.5726737027586373,0.9049829999191599,0.11326390751751589,-0.25301345728227514,0.8250960442778583,0.4777818322105944,-0.32062560404685403,-1.7554584080819318,0.2506951492777099,1.01111883252259
147,-0.22834960345168717,0.10935194512472873,-0.2960799251785764,1.8757364731274027,0.7426186976802767,0.8808462866677929,1.5246279271002259,-0.37402313102846196,-0.2684955404483073,0.14457970165545575,-0.5496560979891224,0.0928821539496917,-0.8062854011750179,-0.3420922471609561,-0.2942883253249809,0.4929925397690613,2.0658990394548162,2.197059318648279,0.8755448015065125,0.009178993723058759,0.5126784531776774,0.00221939855993223
148,-0.7901823092464536,-0.10847643645269889,0.2701154650370446,-0.7421124864299963,-1.0792207568198446,-0.5837662602005045,-1.0546817918564253,-0.3425769268753127,0.13172169688664861,-0.38664374418757014,-0.4814144256355581,-0.4978737061461542,-0.43341038312011365,-0.7761571121667423,-0.738560482361819,-0.25301345728227514,-0.4067852479470529,-0.02174102145966863,3.722492344464745,0.8481181746975169,-0.6500074539256425,0.112981228125994
149,-0.471606227192205,0.14346030380589178,0.9912255505593571,1.9493208915394846,0.9910876075212521,0.8613461131000977,-0.5168254254665853,-0.6349534947922683,-0.4620071716871871,0.2599695606172039,-0.5051071333964532,4.702917090045826,-0.620468960468084,-0.40145154493952506,0.8065957624025464,-0.25301345728227514,-0.1624678440294661,-0.15754457455397367,-0.7013943087444353,0.7539221561139022,-0.8385266034333207,0.00550244987525175
150,-0.47340812810880145,-0.10847643645269889,2.5021302519561437,-1.1145768265405342,-0.29090029583802784,-1.1193370957400162,0.37643486739219223,0.6543408754868527,-0.49090825946961725,-0.1453946177756367,0.6217981357379562,-0.3374316550059175,0.030032597848623593,4.301712816551742,0.013743830284088654,-0.25301345728227514,-0.7972813233097128,-0.37690222084560376,-0.8167574225160094,1.146077128878322,-1.665916204050354,0.00220030349013657
151,-0.6914381390169693,-0.10847643645269889,0.6911590400436614,-1.1018585320001744,-0.05535336461478524,-1.4987474874886355,-1.1165802186209848,0.4412379943187667,-0.7283998068991515,-0.19598732690354392,2.0446954018289007,-0.259267578809392,2.651696993608379,-0.6235189178789933,-0.6279465764407021,-0.25301345728227514,-0.8062030262617594,1.2574698932594892,-1.1049539191907842,1.458927176409893,-1.2260381885324376,0.0209204010146153
152,0.2138368814810763,-0.10847643645269889,0.22211033326922675,-0.20037370231800258,0.7519512377930836,-0.20616909829423205,1.8947099731512,-0.29518822852359006,-0.06116164983522184,0.217016690115994,0.5952689770479397,1.1476857927280686,-0.32773875873048935,-0.5938392689897088,1.83008255408087,-0.25301345728227514,-0.16933069245411742,0.91154243463121,-0.721283529336067,-0.10287262816492648,0.09359585802131122,0.37487216946676394
153,-0.04599723069212858,-0.10847643645269889,0.04338247539621826,-0.05986682930069398,-0.49908772912372473,-0.06066535620836098,-0.9869803875826884,-0.6311506980109571,-0.6335288448307397,-0.34804841127343955,-0.1769130758916586,0.12743890342605033,-0.6414052635626551,-0.02144604041065001,-0.46445857472737945,-0.25301345728227514,1.5882447890990847,0.9088398763606769,2.7290454961031365,0.4373878910099316,0.8895656003870647,0.4043628110289171
154,-0.2708744650833629,-0.10847643645269889,-0.36027043135878606,-0.2270215575454231,-0.9005464845746489,0.3851346966100469,-0.7433122241335995,-0.6333446192309443,-0.6768804765043849,-0.30905693857866545,0.24171371123570795,0.28047593682135297,-0.5113769598205332,-0.009256184616836739,-0.7128046344728552,-0.25301345728227514,2.3946294789956144,0.3735081256058461,2.09667533375136,-0.02248814150388722,1.4027566184913005,0.403930162293849
155,0.41889320578974987,-0.10847643645269889,0.5169940802762738,0.13121040534137887,-0.9360420431233597,-0.46994632378090534,0.5693554236041601,-0.2780756430076902,-0.8452607270628906,-0.42557862548510944,-0.7240144051027524,-0.7364798334829165,-0.5464268154741275,-0.5694595574020822,-1.3783046033519273,-0.25301345728227514,-0.6119844158441272,-0.6442302764392025,1.2157462574052988,-0.6641760272416735,-0.13681643582140676,0.5396373085702133
156,-0.6698153280178122,-0.10847643645269889,-0.8699375405149576,-1.1781682992423335,-0.2735912257142744,1.8099834311461758,-1.4098581505799044,-0.5938540372711754,-0.5053588033608323,-0.10430926338317512,3.0985203470247744,-0.6500879597920198,1.2647524229994835,-1.0014044474872053,-0.9984545041330769,-0.25301345728227514,-0.8062030262617594,-0.24222473369735423,-0.962236084180578,1.1204761007240707,-1.540236771045235,0.0169891344745414
157,-0.16492269118749286,-0.1038252966325403,-0.41996691336704445,1.1289908936862754,-0.5624213774106378,-0.8524105763166352,-0.3603726004642516,-0.6378787230855845,-0.3740473393058782,-0.45308204454122014,-0.7128354514409216,-0.6574929775369538,0.4206575684841359,-0.6023191686723615,0.7019504660677889,-0.25301345728227514,-0.2523711583923983,-0.4606815272321402,0.9438048319505965,-0.16058632483394902,0.7638861673819458,0.515479438939155
158,-0.11338832497283509,-0.10847643645269889,0.19037666833088804,0.3792171488783955,0.46344014729715816,0.8183057626317581,0.889827701145304,0.7371248361877016,0.10093575555319038,-0.11591049981630826,2.6256672921347954,1.8791369899776602,-0.7995886645016038,-0.19634397136536244,0.5569521788339493,-0.25301345728227514,3.200327884049679,-0.1275912203888946,0.6151537732792456,0.2795320199544004,1.161871038564822,1.41430762937206
159,0.195817872315112,-0.1038252966325403,-0.9055453642222198,0.4555269161205545,-0.2361812999629366,-0.21195870936979586,0.592908685259057,0.32569147673277615,-0.5518518576195242,-0.3362208092513673,-0.5566638002845984,-0.21154635334203953,-0.039977103557040684,0.23401093752926339,-0.23408321993213835,-0.25301345728227514,-0.1878603832006759,-0.25753923056371064,-0.4228043619588197,-1.1486592059599796,1.1199778942297827,0.0044416319237641395
160,-0.6514359386685286,-0.10847643645269889,-0.23331855312201416,-1.334118815630079,-0.641628320419334,0.37959957393340926,-1.4710738741080902,-0.6168170793737078,-1.2153203075813976,0.2635914100402308,2.734620377823983,-0.5233798783787047,1.5484636326043357,-0.9113055133590201,-1.1448151913811941,-0.25301345728227514,-0.5179633924264042,0.13973683520470392,-0.6011593981707453,1.2650516526232798,-1.2260381885324376,0.000306358187966652
161,-0.1908700643864815,-0.09297263705217024,-1.0839977263605494,0.9551742016346906,-0.2061895471217787,-0.3429884237667577,1.643361398292906,-0.6481170221121911,-1.0915482577305557,-0.279289863633163,-0.5803565080454935,-0.3456594525002886,-0.44939614163084385,0.2324209563387659,0.337930157491022,-0.25301345728227514,0.4098937145864537,0.3093223666806769,-0.10170331903613307,-1.5518496955459105,1.9368942087630554,1.17664439580693
162,-0.039870767575700794,-0.10847643645269889,-0.26677406640209667,0.9261038141138682,-0.6232823013941576,-0.07851135518303816,0.23346543130824166,-0.07506479945154501,-0.481483991714477,-0.30622736871692574,-0.5731819556953633,-0.6303412458055292,-0.41249208200584736,2.199227688984032,0.39644848191380666,-0.25301345728227514,-0.7162997118988272,0.4102178754472585,-0.6064275061744777,-0.9779856849316371,1.057138177727223,0.0833474936278675
163,-0.30907476451520716,-0.10847643645269889,-0.2176152962453104,-0.34512000684876454,-1.0093463539239558,-0.12928179076875101,-0.8612492082171767,-0.589612456245867,-0.11707897184905393,-0.44674380805092306,-0.892532960303486,-0.7175558992458629,-0.4403771494981008,-0.7289876701819865,-1.4399369849502035,-0.25301345728227514,-0.3608041635018891,-0.5419834885373543,2.4648794600015367,-0.38741417602392536,-0.3672287296641248,0.193044419734301
164,-0.5108876671740072,-0.10847643645269889,-0.9281015774990639,-0.8571827703665853,0.6203384926124706,0.06008938908196844,-0.3580400310733079,-0.22659162504532482,-0.09948700537279215,6.427752762443101,-0.8948688610686445,-0.4411019034349935,1.3307296808168556,-0.9086555447081911,-0.9307237605661289,-0.25301345728227514,-0.7801242022480845,-1.09037760426643,-0.6108786348621233,0.9525614589011057,0.49158072920418794,0.5412519796224868
165,-0.6514359386685286,-0.10847643645269889,0.19369983563045384,-0.39871853384028094,-0.3522398116222044,0.6440448314672629,0.25992018171772713,-0.5454415090167921,0.09025491876403156,-0.4470833564343318,-0.33859077885157013,-0.7414165119795392,-0.49884758152833925,-0.28644290549354756,0.39670798667843093,-0.25301345728227514,-0.8000264626795733,1.1752670791974307,-0.5461118952868245,-0.4409467141456672,0.6696265926281064,0.313335660673765
166,-0.20564565190257228,-0.07591845771158871,0.8736060903348374,-0.493197293282954,0.9986653110316511,0.0895464212576389,0.6043439644683186,-0.6296880838642991,1.3914321534903953,0.01294811168732123,-0.5571643504485609,0.9576236706080956,-0.7697233791758138,0.45607831046873165,-0.9825598372998372,1.8984192659903336,1.3006914401061946,-1.422116631974409,1.6522385858001138,0.6183258135539349,-1.749702492720433,0.00111216206384018
167,-0.6359395907857993,-0.10847643645269889,2.6529125112426506,-0.6439999285472204,-0.6885303168836979,-0.15492149696053314,-0.3349987968456914,-0.3507675660965981,0.5608400220040346,-0.41244942132663687,0.5462150609796074,-0.46331695666979555,-0.7661589870754485,0.09515258022582504,1.4582122263742177,-0.25301345728227514,-0.7945361839398523,0.5169689271333289,-0.8092074067673448,1.096314487807408,-0.4929081626692438,0.00461007174948032
168,-0.4979139805745129,-0.10847643645269889,1.6174101370013332,-0.39569036847352856,0.2434474495952608,-1.4642961204840448,-0.8722862438718868,-0.33380124199536404,0.699690900263101,0.5973108795338201,-0.6032149655331178,-0.35553280949353394,0.47336736681681385,-0.7427675071662972,-0.8018147687389974,-0.25301345728227514,-0.7965950384672477,-0.41856666084966104,-0.7383837515727812,1.0562678995902157,-1.288877905034997,0.086760226283725
169,-0.52458211414014,-0.10847643645269889,1.863668886837535,-0.6140210914163724,-0.6663555634532674,-1.0883849442206561,-0.4333649548198859,-0.35383905580458014,0.09528119490010634,-0.20843743429519895,-0.1852555786243682,-0.5414810328663211,-0.4227532107796268,-0.2784929995410606,1.1998103569995497,-0.25301345728227514,-0.45070747786482135,1.9340103136496918,-1.0605553191165473,0.6919073496278009,-0.6814273121769221,0.0538585749848617
